author_ID,article_ID
57218202833,1
7004904337,1
7005513246,1
6508306234,2
9277159100,2
6507358470,2
53879700900,3
26642910500,3
57204031131,4
6602649851,4
56830076500,4
57204029674,4
57204032253,4
57217149830,5
57217149403,5
57217145377,5
57217146534,5
57217147399,5
57217147006,5
57210571665,5
55611356500,5
57218886193,6
57210260262,6
6701777223,6
8448666000,6
36149254500,7
57191155872,7
56681156600,7
35088650000,7
7201741468,7
7402786794,7
57191822951,8
56830076500,8
57188654880,8
57192247939,9
57218886193,9
6701777223,9
8448666000,9
57218593962,10
57218593446,10
57218591162,10
57201772566,10
16422844400,10
7102975249,10
57193338296,11
57194692502,11
57202017958,11
57205128747,11
55829396600,11
57201634652,12
57218685929,12
18535712500,12
56248593800,13
10640480600,13
24923036100,13
7201675107,13
36149254500,14
57191155872,14
56681156600,14
7201741468,14
35088650000,14
7402786794,14
56330168500,15
9942259800,15
57201257192,15
56260937200,15
57081918700,15
55487415500,15
7202083837,16
57210290270,16
57210288045,16
57210287166,16
57211254337,16
57210292389,16
57218761022,16
35147940600,16
57201912667,17
7202282831,17
57218107757,17
57198832579,17
57218097969,17
7003302831,17
16066928300,17
57213342768,18
56584019300,19
57217581937,19
57214937519,19
57217581770,19
55542008600,19
56714263700,19
8608718200,19
17341858700,20
42062742100,20
55802018400,20
36515506800,20
56735940800,20
57194874146,21
8935141300,21
57194231165,21
6601976036,21
35547089300,21
7004479819,21
55413647400,21
55739722900,21
7201970805,21
57217041570,22
57200117690,22
57207689986,22
57200699937,22
7202316035,22
7102975249,22
35209941000,22
57219312906,23
57215534774,23
35303536900,23
57216811262,24
8705255200,24
57218879246,25
57218883196,25
57218883472,25
57218875152,25
35209941000,25
36444802300,25
7402967162,26
56196521900,26
35597296700,26
55649569259,26
55849071700,27
57190404271,27
35562442700,27
7006542177,27
36668159600,27
57200206301,28
57190131647,28
35612908400,28
8208300700,28
57192643299,28
57215136260,29
56442655200,29
55827824100,29
57197773578,30
57204761536,30
7004300863,30
8421746800,30
57203660684,31
35562442700,31
57218095797,32
57218102993,32
57218105310,32
57197795830,32
14033673100,32
57205285411,33
57205288709,33
57205293533,33
6701746882,33
10141271600,33
7202277096,33
57214937519,34
6701720294,34
57211516485,34
57200077532,35
55613237293,35
35562442700,35
57208246750,36
57206834042,36
7003292762,36
19638969800,36
55301279200,36
57192247939,37
57218886193,37
6701777223,37
8448666000,37
7402258065,38
36987999600,39
7003868048,39
7202083837,39
57190402922,40
36668159600,40
7006542177,40
9535406000,41
56703308500,41
57216531463,41
23050937200,41
57199050938,42
57211158470,42
57195286623,42
35790633100,42
12142543700,42
8715877100,42
57209474608,43
12445208100,43
35868117400,43
57209473859,43
35867849600,43
8929123100,44
57215607275,44
57215609504,44
57200118993,44
57215613881,44
57215598228,44
57211987837,44
57209538650,44
7005636820,44
57202910818,45
55213245300,45
57211642778,45
57196372172,45
57208225620,45
57209824884,45
6701646284,46
57216751001,46
57216748895,46
36913263000,46
57217283178,46
57216749286,46
7005357023,46
57192943554,47
7004300863,47
8421746800,47
56709287700,48
7102975249,48
7003772744,49
57195970826,50
57203943386,50
57193834529,50
57203942414,50
7410190129,50
7007046711,50
7006111578,50
56371366400,51
57202818911,51
7102523474,51
7003927879,52
57217245563,52
57198519795,52
55100119300,52
57201257192,53
56330168500,53
9942259800,53
39861044100,53
36708895400,53
57210419894,54
14059209700,54
7406665619,54
7201793184,54
56692412900,55
57211105311,55
7202518970,55
12445742400,55
57218836048,56
57194504247,56
7202040335,56
14631026900,56
55159798000,56
54941111500,56
55258876800,56
7006038251,56
20735824800,56
55846910700,56
6602657620,56
14033765300,56
13005462200,56
55770396700,57
56735940800,57
8705255200,57
23099630500,57
57215680724,58
57205652801,58
57195427378,58
57215684781,58
57215687139,58
57215697686,58
56251876800,58
7202687601,58
7005636820,58
56514586700,58
57201634652,59
18535712500,59
57197765353,60
7004300863,60
8421746800,60
57188681207,61
36349287300,61
57189235340,62
55547123342,62
7003292762,62
25639041400,62
55967471000,62
57218221803,62
56709287700,63
56387524600,63
57202735625,63
16422844400,63
7102975249,63
7003381644,64
6701834327,64
57202445593,65
7004609408,65
8660143800,65
6506736843,65
6507359986,66
57214365851,66
57212088299,66
7003663333,66
6602889035,66
57216181629,67
36245410800,67
57191110417,67
56622088300,67
57195921912,67
57215904613,67
7402756644,67
57217317667,67
57195591421,67
57217789464,67
57216183270,67
57207901363,67
34873697600,67
56767836200,67
7102900497,67
57196422740,68
7403518015,68
36852156000,68
16245238300,68
57202776341,69
57212879455,69
57212877661,69
57212877401,69
35262249500,69
7102405529,69
7007046711,69
57212107391,70
57216754583,70
57200117690,70
35209941000,70
8342785400,70
57190228554,71
7102879142,71
57211891331,72
57199244740,72
7406665619,72
57204433875,72
7406665619,73
57215212754,73
57215211789,73
57214076898,74
57198146081,74
7006441571,74
12142543700,74
57191873151,75
57216430816,75
7003772744,75
55971908500,76
54415193700,76
56489679500,76
55522618700,76
55864283000,76
57211516485,76
57209110872,77
57206455220,77
7103248108,77
57191108291,78
57212383793,78
57212379321,78
57202904399,78
7403279876,78
57207901363,78
6507391043,78
57196261400,79
57214229367,79
7003381644,79
57214855898,80
57215031057,80
8608718200,80
6701610428,80
7410190129,80
7403218372,80
57200515115,81
57194698845,81
12142543700,81
8705255200,81
35409277700,81
57193749678,82
55457444300,82
6701863708,82
57201666213,83
55694540600,83
7004479819,83
7003545107,83
13406135400,83
57190228554,84
7102879142,84
57203017789,85
35147940600,85
6701609778,85
36987999600,86
7003868048,86
7202083837,86
56692412900,87
57211105311,87
7202518970,87
12445742400,87
7005052477,88
8750608700,88
57214071214,88
57193518829,89
12142543700,89
8705255200,89
7006583274,89
55359526600,89
56911636200,89
55272011900,89
57203486012,89
57202293242,90
57203024588,90
57160053200,90
36006215900,90
55944615300,90
57191995369,91
7003381644,91
57195515828,92
57211443769,92
57211435896,92
7005408810,92
56685601500,93
16549438300,93
56685789300,93
57212757453,93
57212871890,93
57215487696,93
16548815300,93
7202875039,93
6701383359,93
57191570988,94
57201357657,94
6602649851,94
57214937519,95
57210289242,95
57192710054,95
6701720294,95
57211516485,95
57219015425,96
55813139600,96
57203836305,96
57219009389,96
57219005376,96
57219006078,96
12142543700,96
57218481091,97
57217024741,97
57218482479,97
34873482400,98
6507317548,99
54781821400,100
57215052018,100
57215058041,100
7102975249,100
56957771800,101
57189235340,101
57204469757,101
7003292762,101
57188691775,102
57188173800,102
36349287300,102
57202579348,103
57214718289,103
56830076500,103
57193706327,104
57193715705,104
7202282831,104
7003302831,104
16066928300,104
57188833818,105
57209881955,105
6701720294,105
57212345817,105
57218689472,106
57218687826,106
57218685971,106
7006533953,106
57211516485,106
57188833818,107
57209881955,107
57209889565,107
6701720294,107
56045493000,107
57217866402,108
8244752200,108
55727966500,108
57217871738,108
57218270296,109
57218269408,109
6507317548,109
56215007300,110
50162863000,110
55422614200,110
6603288835,110
13405030000,110
55904183100,110
55279219900,110
57211205845,110
38662818500,110
57203219105,110
14059027500,110
6505524737,110
20735824800,110
7103004161,110
56830076500,111
57202612841,111
10640480600,111
36499438800,111
55860312700,111
57201618074,112
6506325894,112
8608764300,112
7003772744,112
56957771800,113
57189235340,113
57204470823,113
57204469757,113
7003292762,113
57204469757,114
7003292762,114
57211518929,115
56036628100,115
16033650300,115
57195804520,116
24483038000,116
6701720294,116
57211516485,116
57189375802,117
57212455523,117
6603286802,117
57023931200,117
24830555500,117
6602776615,117
9277159100,117
56857577200,118
10141271600,118
16643231700,118
55359090100,118
8244752200,119
57217872286,119
57217867341,119
36893877000,119
57189218211,120
48361087900,120
7003381644,120
7005241866,121
7006815587,121
36154754400,121
57190402922,122
36668159600,122
7006542177,122
57193226888,123
57216966389,123
57208015963,123
57193230951,123
56584993700,123
55367023500,123
7403329173,123
57204964732,124
12544690900,124
7003292762,124
54978625300,124
57201759181,125
57211516485,125
16548784600,125
8922674200,125
55764938300,126
6701550039,126
6506328689,126
57201947722,127
57209567638,127
57209581042,127
55845968200,127
14831622300,127
12646372900,127
55788214400,127
57219330558,128
57219332168,128
57219327922,128
14831622300,128
55220932600,128
55788214400,128
56263319900,129
55436436900,129
57218480110,129
7004688501,129
35209941000,129
7601550121,129
57201735120,130
57216287696,130
57216287324,130
6506462706,130
8357777200,130
7004945584,130
16033650300,131
9741060000,131
12143690400,131
57208015244,131
57052262900,131
57204944822,131
7102369425,131
6603460787,131
6603089864,131
12761902000,131
56036628100,131
9279493200,131
57194034271,132
53866135200,132
55315026400,132
57216076371,132
56818839700,132
23570183200,132
57215823167,132
57216048774,132
7202049689,133
57207774891,133
57213342768,133
7006410098,133
56206655300,134
55368982000,134
56078804700,134
57216040137,134
7102391180,134
7402406630,134
7004398165,134
6701655006,134
35103143500,134
57216037206,134
7801550098,134
14832404400,134
55559344500,135
6701910642,135
56221719300,136
57210161259,136
57203181568,136
57212304730,136
55458271500,136
56266132600,136
57210289242,137
6701720294,137
57211516485,137
57209399454,138
6602649851,138
6701863708,138
9245406100,138
57194053456,139
56968013300,139
6701746882,139
6701723921,139
57202910211,140
57196421757,140
24402340500,140
55645613600,141
55546296200,141
55813139600,141
6603579157,141
28167695400,141
12142543700,141
57212950333,141
55945437600,142
7004277402,142
55911870000,142
9942259800,142
57215811083,143
17434035200,143
24726409500,143
35147940600,143
57191862517,144
23091904000,144
57208341600,144
53878508900,144
56363360200,144
56148594700,144
6602577617,144
36176552000,144
57207901363,144
57189244450,145
57211332837,145
8231832400,145
57192300416,145
6701454416,145
56196521900,146
35597296700,146
57202064143,147
57204597171,147
57192662939,147
57210982957,147
57204035623,147
57196952707,147
57196950804,147
57213874106,147
7402658393,147
56584019300,148
56714263700,148
8608718200,148
56680952700,149
7003498769,149
7202083837,149
57211891331,150
57199244740,150
7406665619,150
55588035200,151
6601908155,151
56102505100,152
57191620725,152
56819566000,152
8448666000,152
16178649400,152
35729129900,153
53866006800,153
56126031600,153
36538565900,153
57210585829,153
57203978933,154
57212415946,154
7403218372,154
6701720294,154
7005408810,154
57211516485,154
57205129154,155
7402370024,155
57203310052,155
18535712500,155
57193627694,156
7005513246,156
7004904337,156
35175200200,157
7005513246,157
6602198438,158
55948963100,158
7005411524,158
36459611200,159
7402074463,159
34868168700,159
7202083837,160
57126129700,160
36987999600,160
7003868048,160
57192247939,161
57218886153,161
6701777223,161
8448666000,161
57205617484,162
57215432728,162
8448666000,162
6701777223,162
57218886193,162
56677251600,163
57208598187,163
57211516485,163
7004307869,163
57205257595,163
55315026400,164
36503632200,164
16481299700,164
56331558100,164
47962305800,164
7101640734,164
55916448500,164
57200363612,165
57212151348,165
57212147414,165
57212136375,165
7403218372,165
57200529047,166
56112492400,166
57215653879,166
7003772744,166
18937960700,166
57216187696,166
57202818911,167
7102523474,167
25627506700,167
57210477807,167
7005345401,167
7005976828,167
57202910818,168
55213245300,168
57192067288,168
57208225620,168
57196372172,168
57211642778,168
57202855772,168
57209824884,168
57202910818,169
55213245300,169
57208225620,169
57196372172,169
57211642778,169
57209824884,169
57193749678,170
55457444300,170
6701863708,170
35729129900,171
7406665619,171
57212089454,172
57202116348,172
56709476900,172
7102975249,172
16422844400,172
56709476900,173
57205025235,173
57202256915,173
57193755486,173
7005408810,173
7006111578,173
57002749600,173
7102975249,173
16422844400,173
56709287700,174
57202735625,174
56387524600,174
16422844400,174
7102975249,174
57208584595,175
7005513246,175
35546747200,175
57003496300,176
57212110613,176
57212107391,176
57200117690,176
7004688501,176
57216244800,176
7409253428,176
35209941000,176
6508306234,177
9277159100,177
57003496300,178
57212110613,178
57212107391,178
57200117690,178
7004688501,178
7404504014,178
7409253428,178
35209941000,178
57144864700,179
57194205673,179
35078644900,179
7406665619,179
57204475222,179
8208317300,179
35729129900,180
55797091700,180
57210585829,180
57204783601,180
57192945685,181
56939117000,181
56585491000,181
16308483700,181
57200214703,181
35311157900,181
55972769000,181
36483856300,181
57194027885,182
55345299700,182
56110251000,182
7003545107,182
57191873151,183
7003772744,183
57208682307,184
14033673100,184
14059209700,185
57201589125,185
7406665619,185
57210419894,185
7201793184,185
16481299700,186
55315026400,186
7101640734,186
35147940600,187
24779209500,187
17434035200,187
24726409500,187
56012631600,188
56487893500,188
7402648240,188
18535712500,188
57200884469,188
57203221999,188
57191155872,189
6603570606,189
57203028829,189
7402786794,189
35088650000,189
7402258065,190
56824897200,191
35562442700,191
57210916608,192
7006542177,192
57210911049,193
57207008616,193
56248593800,193
35562442700,193
56315330500,194
16178649400,194
55858031100,195
7004300863,195
57189235340,196
7003292762,196
57211493546,197
7003292762,197
57205881788,198
57214032187,198
57208524360,199
26634229600,199
7005934389,200
57208823236,200
57190605478,200
12142543700,200
35508257500,201
8321530600,201
7005709969,201
57208255032,202
56677251600,202
15848771600,202
7006533953,202
57211516485,202
57199980412,203
6701863708,203
55457444300,203
55475654800,203
43961414900,204
57209474608,205
35867849600,205
12445208100,205
35868117400,205
9041055700,205
57191156976,206
57209978209,206
8929123100,206
57118455800,207
7401431037,207
24401574900,207
57201432287,208
7003498548,208
57207334294,209
12142543700,209
7006583274,209
8705255200,209
26641352100,210
23569552400,210
36769181100,210
56976354400,211
57209659294,211
57209655847,211
57204570329,211
55315026400,211
9277159100,211
57200077532,212
57210191104,212
57214009254,212
9277159100,212
55315026400,212
57217482839,213
14033673100,213
57209640119,214
57190402922,214
7006542177,214
57210919648,215
56248593800,215
57210912098,216
57206968876,216
56824897200,216
57210911049,216
7006542177,216
57210916608,217
7006542177,217
57204433875,218
7406665619,218
57205198823,219
35508257500,219
35508257500,220
57210927548,221
57210928665,221
6602572190,221
6601908155,221
57210914089,222
57203981655,222
57210920448,222
56248593800,222
57202433366,223
57205881788,223
56724258600,224
7801676127,224
57194391871,225
57189491950,225
57205348362,225
9277159100,225
51461952600,225
6701777223,226
8448666000,226
57218886193,226
57191873151,227
57216491948,227
57216430816,227
7003772744,227
57191587072,228
57207334294,228
12142543700,228
24295291100,228
23052031200,228
7004495126,228
12778890800,228
16481299700,229
57194703295,229
57144565100,229
56331558100,229
57189458176,229
7101640734,229
55315026400,229
24080990600,229
57200529047,230
56323465700,230
56112492400,230
57209274795,230
7102483892,230
7003772744,230
57200208018,231
36701008900,231
7201687754,231
7202401225,231
12805837100,231
56257805000,231
7005067917,231
7202417224,231
55927295500,231
6508257901,231
55931847400,231
7004092560,231
56955794500,231
55778257800,231
6701664914,231
24504209800,231
55247112800,231
57207841000,231
12780700500,231
7006236094,231
16303239800,231
55315191100,231
57194063754,231
6701501207,231
24072733200,231
55813139600,231
57192140261,231
57207843958,231
57207841443,231
57207846799,231
56473665600,231
23977815400,231
56308354900,231
36859700200,231
26221155700,231
24385613600,231
15081415200,231
7408416878,231
11042527300,231
56185388600,231
57207844500,231
57189577432,231
6602943081,231
57207842677,231
39062078800,231
7101608513,231
6602499334,231
57202152216,231
57213372150,231
8555191500,231
57195579636,231
57207842193,231
57203836326,231
55639502500,231
6602168494,231
57209284973,232
56221901100,232
6507753128,232
56266132600,232
6504734319,232
57210287166,233
57210290270,233
57210288045,233
57210292389,233
7202083837,233
35147940600,233
57204433875,234
7406665619,234
24759275600,235
57207312334,235
56387524600,236
56709476900,236
56709364700,236
16422844400,236
7102975249,236
57192981384,237
57190258899,237
24333330300,237
57189382200,237
57203250533,237
57203957449,238
14059209700,238
7406665619,238
55367023500,238
57201759181,239
16548784600,239
57188833818,239
55247719300,240
56709476900,240
56871132500,240
7402407628,240
7102975249,240
16422844400,240
57210286057,241
57210287346,241
17434035200,241
24726409500,241
35147940600,241
57210288854,242
57214559823,242
17434035200,242
24726409500,242
35147940600,242
6602749964,243
57205512220,243
7102985794,243
9739395200,243
57202736299,243
57205515588,243
57205514839,243
8705255200,244
57194392244,245
7006214218,245
57194503011,245
9845705900,245
7004929818,245
57194379165,245
57207901363,245
6603325558,245
57191586637,246
57208184650,246
57189294915,246
6602572190,246
6701755273,246
55200909800,246
7004234161,246
56330970800,247
57188833818,247
57190247942,247
57197791798,247
6701720294,247
57211516485,247
55588035200,248
57191995887,248
57203240784,248
57193574682,248
57208784903,248
56417117600,248
57203245208,248
57208771517,248
35621274900,248
55681652500,248
7003445799,248
6601908155,248
55855376400,249
56830076500,249
7202083837,250
57126390100,250
57214523209,251
57205509268,251
57208845618,251
57205502574,251
57205849200,251
57205504743,251
57207222602,251
57205501457,251
57205504946,251
57205502490,251
7004339080,251
57200375892,252
7003772744,252
24295291100,253
7401431037,253
57193720916,253
57118455800,253
6701421652,253
57205270902,253
57209887692,254
17434035200,254
24726409500,254
35147940600,254
57206968876,255
36668159600,255
57205763350,255
57190404271,255
7006542177,255
7004435321,256
56781290700,256
36055605700,256
16041305200,256
57215322624,257
57202818911,257
7102523474,257
57203310052,258
57204552603,258
57204551844,258
57204547933,258
24295291100,258
57195217444,258
7003302831,259
57193706327,259
7202282831,259
16066928300,259
57200690449,260
35597296700,260
57208717150,261
55457444300,261
57204091960,262
7401431037,262
56353116200,263
57197765353,263
7004300863,263
6603717022,263
56584019300,264
55542008600,264
56714263700,264
8608718200,264
57210923446,265
55652695700,265
57205329719,265
57199801999,265
57193242858,265
7005512824,265
57205263313,266
56036628100,266
36953700600,266
16033650300,266
23970286000,267
57194276793,267
57208827685,267
7401703652,267
57202228997,267
7006111578,267
54415129200,267
7005373645,267
57189235340,268
7003292762,268
57202047395,269
57193927413,269
54978625300,269
26029526200,269
7006799143,269
57203922639,270
57196487336,270
16199522200,270
57188681207,271
56985459400,271
57195343816,271
57188173800,271
57201722090,271
36349287300,271
56237421600,272
6701863708,272
55457444300,272
8608718200,272
55912340300,273
57201864184,273
34874297000,273
10639679200,273
16178649400,273
56854811600,274
55141781300,274
57190384916,275
7005253700,275
7004060735,275
9942259800,275
55413434100,276
55827824100,276
48361087900,277
57189218211,277
7003381644,277
57197733358,278
57200390842,278
57003496300,278
8342785400,278
35209941000,278
8392459500,279
57200730892,279
53984647600,279
56806547100,279
57201199846,279
57191862517,279
57201509548,279
7006051256,279
6505878659,279
8298784700,279
35747244700,279
57193565771,280
16178649400,280
56315330500,281
16177635300,281
16178649400,281
57207108623,282
57200290256,282
57207112163,282
7102270639,282
57205388766,283
57205393448,283
16313800700,283
57208598187,284
6701720294,284
15848771600,284
57211516485,284
8448666000,285
57205617484,285
55638504300,285
6701777223,285
57218886153,285
7004300863,286
7102879142,286
56798055200,287
57192697616,287
8621794000,287
9277159100,287
57215306633,288
8621794000,288
57201367093,289
6602649851,289
57189445479,290
7005636820,290
55812232700,290
57192697616,291
8621794000,291
57192955909,292
56830076500,292
57209640119,292
55161739600,293
57211281996,293
57211282830,293
57204903122,294
57187178400,294
55161739600,294
57211282935,295
55161739600,295
57216747100,296
57216739000,296
16313800700,296
7005357023,297
57216751001,297
57216748895,297
36913263000,297
57217283178,297
57216749286,297
6701646284,297
57197765353,298
7004300863,298
7004904337,299
57212553003,299
7202518970,300
57200205435,300
57203245208,301
57203241931,301
57210927548,301
57212168814,301
57212172095,301
6601908155,301
57205292526,302
57211987837,302
6701646284,302
16313800700,302
57195066838,303
7005513246,303
35621274900,304
55681652500,304
56417117600,304
57212106357,304
57212103171,304
57193574682,304
6601908155,304
7003445799,304
57211214561,305
8244752200,305
57211216470,305
55727966500,305
35621274900,306
55681652500,306
56417117600,306
57212107036,306
57212104751,306
57212106857,306
57212103171,306
57212104028,306
6601908155,306
7003445799,306
55681652500,307
7003445799,307
57204799155,308
57204803477,308
57204802622,308
14033673100,308
57219001134,309
57218994430,309
57218994299,309
7202083837,309
57210292389,310
57210287166,310
7202083837,310
35147940600,310
57205617484,311
57218995344,311
7202083837,312
57219001134,312
36677010800,312
57204692730,313
7202083837,313
55813139600,314
56747516900,314
56071519600,315
6701720294,315
57211516485,315
7006441571,315
57212342916,316
6701720294,316
7006441571,316
57211516485,316
57212351695,317
57212342217,317
6701720294,317
57211516485,317
57212343330,318
7004300863,318
35262249500,318
57208598187,319
57210289242,319
6701720294,319
57211516485,319
57192710054,320
57188833818,320
6701720294,320
57212351059,321
7004300863,321
6701720294,321
57212341630,322
57208598187,322
57192710054,322
6701720294,322
57211516485,322
57212277900,323
57188667076,323
7403218372,323
57200534297,324
7004300863,324
57214773567,324
8421746800,324
57212136375,325
7403218372,325
57192943554,326
57212271263,326
35409277700,326
7004300863,326
57190228554,327
7102879142,327
57111140800,328
56798055200,328
8621794000,328
9277159100,328
57197737083,329
57205761514,329
57205766759,329
57205762398,329
56830076500,329
7004511126,330
57200687939,330
57200688910,330
7202518970,330
57031187500,331
7006111578,331
7005636820,331
57089497400,332
57209912956,332
57209911428,332
57211503118,332
57211500187,332
7006120837,332
7004234161,332
7005636820,333
57031187500,333
57209538650,333
57209530205,333
7006111578,333
57215116223,334
57191952713,334
57188658434,334
8621794000,334
36682113800,334
57188658434,335
56245452300,335
35310092900,335
8621794000,335
57214589312,336
57215007775,336
55812232700,336
7006120837,336
36126203400,336
7102843798,336
57214451592,337
6603114735,337
8641604600,337
7003772744,337
57201357657,338
57191570988,338
6602649851,338
23027991800,338
7103035939,339
57212228353,339
7404957607,339
9277159100,339
57203578595,340
57203572508,340
36055605700,340
7004435321,340
55849943100,341
6701863708,341
6602649851,341
9245406100,341
35338971800,342
35562442700,342
57207260622,343
24336460200,343
8660143800,343
57195960835,344
57203300120,344
13607032600,344
55681652500,345
57209399640,345
57212167791,345
35621274900,345
7003445799,345
57209394752,345
6601908155,345
57211217749,346
8244752200,346
55727966500,346
57203661821,347
46961076700,347
7801515665,347
35562442700,347
56387524600,348
56709476900,348
56709364700,348
16422844400,348
7102975249,348
55588035200,349
57191995887,349
57208784903,349
7003445799,349
6601908155,349
7003663333,350
57208012133,350
57208012227,350
55698505100,351
56709287700,351
57203308821,351
55326143600,351
7102975249,351
16422844400,351
55588035200,352
56417117600,352
7003445799,352
6601908155,352
55588035200,353
57208784903,353
55681652500,353
7003445799,353
6601908155,353
57212351859,354
7404766197,354
7102879142,354
7004300863,354
57212271159,355
57205765859,355
7004300863,355
7102879142,355
7404766197,355
7201511283,356
6602191934,356
57193878725,356
57189375802,357
57210949030,357
7404901361,357
9277159100,357
57210375461,358
57200688910,358
55861508600,358
56484754900,358
7004300863,359
57197773578,359
6506942267,359
6602562656,359
57202116348,360
57202112010,360
57202120923,360
16422844400,360
7102975249,360
57193360481,361
57205763350,361
57205765859,361
57205767010,361
56830076500,361
57205762391,361
55315026400,362
35435170000,362
55665473200,362
57204677450,362
57204677555,362
56957771800,363
57189235340,363
57204472177,363
57204470823,363
57204469757,363
7003292762,363
56530707600,364
6701610428,364
54790496100,364
7410190129,364
26427694400,365
57190256209,365
57191107247,365
16313800700,365
55664291100,365
7202317282,366
57192070840,366
57209824884,366
57201700890,367
57195574701,367
57207901363,367
53878508900,367
57188833818,368
57209889565,368
57209881955,368
6701720294,368
56045493000,368
57215333932,369
34868658300,369
57215305002,369
7410171017,369
57215336161,369
57201360985,370
57212351343,370
35562442700,370
36349287300,370
6506328689,371
57194859276,371
10141271600,371
15766049500,371
55359090100,371
7202538835,371
15044701600,371
36055605700,372
57203579114,372
57203573476,372
57203570620,372
7004435321,372
7006120837,373
57216989927,373
57211502145,373
6507803480,373
57194859276,374
10141271600,374
15766049500,374
56857577200,374
55359090100,374
7202538835,374
15044701600,374
56857577200,375
10141271600,375
16643231700,375
55359090100,375
24330327900,376
55634592700,376
36713489900,376
35725132100,376
36986090000,376
57193722976,377
7005521036,377
7004435321,377
55557218000,378
7102443026,378
7403558004,378
55247719300,379
56709476900,379
56871132500,379
7402407628,379
7102975249,379
16422844400,379
6701777223,380
8448666000,380
57218886193,380
56790117900,381
57211516485,381
15848771600,382
57212415946,382
57212345817,382
6701720294,382
57211516485,382
57193911152,383
55780846900,383
57203303999,383
57217139231,383
14064679200,383
7405891981,383
57201739935,383
6508339625,383
57213262958,383
6506674242,383
56677251600,384
57191362366,384
6701720294,384
15848771600,384
57211516485,384
57194018623,385
57205236255,385
57194101278,385
35392647700,385
7003545107,385
57204968964,386
57204964732,386
7003292762,386
12544690900,386
54978625300,386
57208246750,387
57206834042,387
57205645397,387
7003292762,387
55353164900,387
7101816954,387
19638969800,387
57200529047,388
57200527971,388
11440678000,388
7003772744,388
57192070840,389
24337245000,389
56023819400,389
10639240900,389
11043349200,389
57209824884,389
7202317282,389
54782837300,390
8048702500,390
7004435321,390
57207228809,390
7005521036,390
13411176900,391
8922674200,391
57211516485,391
57205595555,392
9336961600,392
16425686200,392
57217471535,392
56577741600,393
55807316700,393
55457444300,393
7102317656,393
57200514682,393
7003388995,393
57188833818,394
16229559200,394
57194703295,395
57207993531,395
56560118600,395
55315026400,395
7101640734,395
57214608701,396
16425686200,396
55598006500,396
23668489900,396
15848894300,396
57209871741,396
18535712500,397
7402648240,397
35380198000,397
57200884469,397
57200723881,397
7401952672,398
35556946600,398
7004590414,398
43261827400,398
35508257500,398
55428435400,398
7004611313,398
6602191934,399
7201511283,399
57193878725,399
7004507225,399
57193878725,400
57193568214,400
6506341914,400
7005053199,400
55671352500,400
22952048100,400
6602191934,400
7201511283,400
6506341914,401
57193878725,401
57193568214,401
7005053199,401
22952048100,401
55671352500,401
6602191934,401
7201511283,401
6507447149,402
23012428800,402
56642521500,402
24780432200,402
55233755100,402
9277159100,402
7801636116,402
7101973402,402
35368447500,402
7801530241,402
56689651300,402
7005786977,402
7801609389,402
55922401500,402
57191525048,403
41262329300,403
57203758421,403
57203801188,403
57203805526,403
57202763603,403
56116155300,403
57203801050,403
57199854443,403
56979909000,403
8448666000,404
57205617484,404
6701777223,404
57218886193,404
57205645397,405
57205650285,405
7003292762,405
56698926600,406
55627591500,406
57205652485,406
56957771800,406
57204469757,406
57205645397,406
7003292762,406
57193683516,406
57192247939,407
57218886153,407
6701777223,407
8448666000,407
56709476900,408
55247719300,408
55326143600,408
56871132500,408
7402407628,408
7102975249,408
16422844400,408
57202192401,409
55727966500,409
8244752200,409
6602572190,409
56330970800,410
57191362366,410
57203191415,410
57211516485,410
57193749678,411
57203142381,411
55457444300,411
6701863708,411
57204916397,412
57204916190,412
57204910117,412
57198809206,412
57204925116,412
57204911023,412
56514586700,412
57192710054,413
55303499100,413
56577817900,413
57189623841,413
7003678761,413
6602997992,413
7202539045,413
15848771600,413
57211516485,413
6701720294,413
8922674200,414
57211516485,414
7202083837,415
55710750200,415
6508087756,415
57207110219,415
57214580514,415
57204110218,416
26642910500,416
56549581200,416
,416
55259726700,417
55256673100,417
57202609763,417
6508265156,417
56433927200,417
7404022739,418
8705255200,418
7003352704,418
7102280128,418
36154754400,419
34976725300,419
6602423274,419
57198044407,420
7201970805,420
55736791400,420
7601492574,420
7004479819,420
57203572325,420
57201742316,421
57193360481,421
56830076500,421
57200687939,422
57200688910,422
7202518970,422
7004511126,422
56463982900,423
55764401200,423
55457444300,423
6701863708,423
6602549459,424
6602123531,424
57191156976,425
57193089338,425
8929123100,425
57201086222,426
26634282400,426
26634229600,426
57204595191,427
57204607180,427
56226072000,427
7003631423,427
57204596520,427
7103236401,427
7004234161,427
57195264521,428
57204829124,428
35239803700,428
37086141200,428
8329346700,428
55369699900,429
7003772744,429
57204830739,430
57204825465,430
54978625300,430
7006372151,430
57203181568,431
57203192064,431
57203188827,431
55458271500,431
56266132600,431
55619678900,432
9277159100,432
51461952600,432
26634229600,433
57202852104,433
57202852946,433
57202860730,433
56701619800,434
8369472600,434
57193322440,434
56376235200,434
57202237979,434
56702333100,434
7401994123,434
35336731800,434
8608718200,434
23388379100,434
57204695840,435
35147940600,435
57204692730,436
35147940600,436
56680952700,436
57204695450,436
7202083837,436
56490084100,437
57204693186,437
57188711588,438
57200118672,438
57164754700,438
57200117120,438
57200118993,438
57200121629,438
16313800700,438
55523036500,439
56287595000,439
7410171017,439
56221901100,440
56426567600,440
57200181918,440
56266132600,440
57191108291,441
57202904399,441
16197655400,441
57207901363,441
56703039000,442
39362193900,442
57197749025,442
57201022887,442
57217564448,442
57208823236,443
57213462935,443
57205507684,443
57205503531,443
57194047397,443
57205500882,443
57205505883,443
57212277009,443
35587077000,443
57201759181,444
57211516485,444
16548784600,444
57190849274,444
55235047300,445
56515354700,445
57194105863,445
56921113900,445
57044630300,445
7005654753,445
56701050600,445
56266132600,445
56514586700,445
57203184524,446
57201465968,446
24295291100,446
12142543700,446
8705255200,446
56248395300,446
57203180153,446
7005486887,446
56790117900,447
57211516485,447
34874038200,448
56584019300,449
57201366662,449
57201358872,449
56714263700,449
8608718200,449
7202006620,450
57194692502,450
57194679331,450
57194686620,450
35791260000,450
13406135400,450
57198333909,451
56666222000,451
7103392045,451
56009607700,452
57200525944,452
57214792802,452
57216486642,453
57203661089,453
57203661821,453
35562442700,453
57203981655,454
56248593800,454
57203978933,455
57203982016,455
57203992542,455
7403218372,455
6701720294,455
57211516485,455
57191362366,456
57192710054,456
57203980122,456
57203980107,456
12142543700,456
6701720294,456
57211516485,456
57188833818,457
6701720294,457
57211516485,457
56677251600,458
15848771600,458
6701720294,458
57211516485,458
57204553875,459
57204546854,459
57204555914,459
56371366400,459
57202818911,459
57204555396,459
6507235629,459
7102523474,459
56709364700,460
56387524600,460
56709476900,460
57195398251,460
57201484423,460
57194155925,460
16422844400,460
7102975249,460
57203661089,461
35562442700,461
57203661821,462
35562442700,462
57201864184,463
35792700800,463
57203660684,464
39062086200,464
35562442700,464
55658283500,465
35303536900,465
57203575128,466
35303536900,466
57190404271,467
55849071700,467
57206968876,467
7006542177,467
35562442700,467
8660143800,468
56897186700,468
57197726868,468
56261172000,468
7004609408,468
24336460200,468
57202445593,468
6506736843,468
56677251600,469
7004307869,469
57203731804,470
35147940600,470
57203372448,471
35147940600,471
17434035200,471
24726409500,471
57203247682,472
57203241931,472
57203245208,472
57203240784,472
55588035200,472
6601908155,472
6602191934,473
7201511283,473
57193878725,473
57202927332,474
7202608915,474
57202921889,474
7801604567,474
54581173100,475
57202810627,475
18042644100,475
55943223600,475
57204434337,476
7005636820,476
35209941000,476
55649569259,477
7402967162,477
35597296700,477
56556056000,478
26642910500,478
57196465311,478
56740595400,479
56662711400,479
56741048000,479
56149906900,479
6603615600,479
57201759181,480
16548784600,480
57211516485,480
57189843306,480
56078900600,481
15081035500,481
7402814790,481
7101806481,481
15318992700,481
6601908712,481
8077103900,481
6602183163,481
7004295901,481
7004640341,481
35772366400,481
8390181000,481
23004910700,481
7003793778,481
8578022500,481
9241584700,481
15842178900,481
10939408000,481
54789941300,481
7006650428,481
7006817766,481
25937446600,481
55895275900,481
16043716000,481
12647140500,481
7402364894,481
7004387103,481
8891726500,481
57192430052,481
7401892754,481
23020214400,481
6603882082,481
7402396019,481
57031532300,482
57031187500,482
7006111578,482
7005636820,482
57203305966,483
6701755273,483
34874038200,484
55171433700,484
57211516485,485
6701720294,485
57193603847,485
57187178400,485
57203309361,485
7201741468,486
7102975249,486
57203310052,487
35262249500,488
57193603847,488
35191151900,488
26427435500,489
57203301406,489
36602439100,489
7201741468,490
7006372151,490
57195960835,491
23096760600,491
57203300120,491
57203306132,491
57190808464,491
13607032600,491
57203300120,492
26427435500,492
6507028828,492
13607032600,492
36602439100,492
23569552400,493
36769181100,493
26641352100,493
6701460244,494
6602928070,494
23479472600,494
6701755273,494
7404006200,495
12142543700,495
57202800731,495
14833931300,496
8705255200,496
56677251600,496
36667397700,496
12142543700,496
57201257192,497
39861044100,497
9942259800,497
36708895400,497
57190402922,498
36668159600,498
7006542177,498
57200118442,499
57200117690,499
57202289360,499
57118455800,500
7401431037,500
56237421600,501
6701863708,501
55457444300,501
8608718200,501
36459611200,502
7402074463,502
34868168700,502
56709364700,503
56387524600,503
57201484423,503
57194155925,503
57195398251,503
16422844400,503
7102975249,503
8922674200,504
6701720294,504
57211516485,504
56781290700,505
36055605700,505
7004435321,505
16041305200,505
57202322450,506
7006441571,506
14059209700,506
57202323019,506
56795914000,506
57202321033,506
57202319101,506
12142543700,506
23003484200,507
18535712500,507
26321508500,507
7003587356,507
16313800700,508
56457856600,508
16315369500,508
6507336034,508
56532087700,508
57202602903,509
57202612841,509
57202612703,509
56830076500,509
36843900000,510
8397084400,510
6602089995,510
6603684079,510
15521088300,510
56585583100,510
55449746800,510
57190247414,510
7005085503,510
35228854600,510
6505936159,510
23487261200,510
7005412154,510
55946643000,510
6603354235,510
57192063650,510
8602381900,510
55249658600,510
57207782220,510
23987692400,510
24323203800,510
7403220237,510
7103286989,510
12445208100,511
55708105800,511
56164575400,511
35236338800,511
56681156600,512
55212512700,512
56680505500,512
57203028829,512
35323710800,513
57202045558,513
56165315000,513
7003387464,513
7007046711,513
26039464700,513
56747755300,513
7005612595,513
6701610428,513
7410190129,513
57188654880,514
56830076500,514
57191822951,514
57200534297,515
7401431037,515
7102879142,515
56330168500,516
9942259800,516
39861044100,516
36708895400,516
55487415500,516
56386056100,516
56755464700,517
7005523706,517
57031532600,517
57200497294,517
57190794386,518
57201980753,518
57190797086,518
57201983321,518
7006441571,518
24333330300,518
12142543700,518
57201666213,519
56181255300,519
7004479819,519
13406135400,519
24177939700,520
6507412888,520
57204229694,520
55652903800,520
57201722090,521
57201724099,521
24465525600,521
36349287300,521
57191822951,522
56830076500,522
57188654880,522
57202116348,523
57202112010,523
57202120923,523
56709287700,523
57203246058,523
7102975249,523
7003302831,524
7202282831,524
16066928300,524
15848771600,525
57211516485,525
57197765353,526
7004300863,526
35994294500,526
24758929200,526
57201645135,527
57201646242,527
57200335858,527
57217508772,527
57201650328,527
7102837693,527
55736845400,528
57139150400,528
8244752200,528
7402422734,528
6701777223,529
8448666000,529
57218886189,529
7102443026,530
57203179434,530
55557218000,530
57213087387,530
7403558004,530
35303536900,531
57202320825,531
57207470751,532
35303536900,532
35409277700,533
7005098852,533
56896919700,534
57190371042,534
7202035366,534
7102857304,534
35546747200,535
23003275100,535
7005513246,535
6604032598,536
9733496700,536
6602866368,536
26640997500,536
57203180948,536
57203180667,536
25522430900,536
56244956300,536
57203192812,536
57203180452,536
57203185550,536
57031187500,537
7006111578,537
7005636820,537
56221901100,538
57200686665,538
57200685059,538
56425409300,538
6603410853,538
56266132600,538
56040243400,539
54978625300,539
7006799143,539
56009607700,540
57200525944,540
17136347400,540
57193027820,541
7409879911,541
56029648000,541
57218886189,542
57192247939,542
6701777223,542
8448666000,542
56315330500,543
16177635300,543
16178649400,543
55130094700,544
16178649400,544
55912340300,545
57201864184,545
10639679200,545
16178649400,545
34874297000,545
57193356353,546
56830076500,546
57200371154,546
57200363612,546
57190794386,547
7006441571,547
24333330300,547
12142543700,547
57118455800,548
7401431037,548
56331127200,549
57197737083,549
56830076500,549
57200690449,550
35597296700,550
57204031131,551
57204029674,551
6602649851,551
56830076500,551
57204032253,551
35269204800,551
57203433787,552
8621794000,552
23569552400,553
57201393186,554
57201397713,554
8621794000,554
57192697616,555
8621794000,555
57201367093,556
6602649851,556
48361087900,557
7003381644,557
56417117600,558
57193574682,558
57212103171,558
57215366913,558
57203240784,558
57215344746,558
57212104028,558
6601908155,558
7003445799,558
7005636820,559
57213476529,559
7006111578,559
26642910500,560
57205629789,561
55812232700,561
57191156976,562
8929123100,562
16313800700,563
57205285400,563
57205292526,563
57164754700,563
56532087700,563
57145797800,564
36944158600,564
57204896057,565
55161739600,565
57204902069,566
55161739600,566
23093686000,567
57195066838,568
7005513246,568
7005411524,568
23093686000,569
55855376400,570
56830076500,570
57203179871,571
55727966500,571
8244752200,571
57188711588,572
57200118672,572
57164754700,572
57200117120,572
57200118993,572
57200121629,572
16313800700,572
57118455800,573
18535712500,573
24295291100,573
7102879142,573
7401431037,573
57193720916,574
24295291100,574
57118455800,574
7401431037,574
57204692730,575
7202083837,575
35147940600,576
57207688964,576
57207687563,576
57200077532,577
57200077021,577
57200077390,577
57207692990,577
57207687950,577
35508257500,577
57207689986,578
57207688651,578
57207695326,578
57207687041,578
57207686191,579
57207685496,579
57207687043,579
8608718200,580
56584019300,580
57209637810,580
56714263700,580
56790117900,581
57211516485,581
56330970800,582
57190247942,582
57197791798,582
57188833818,582
6701720294,582
57211516485,582
57197791798,583
57204762755,583
56830076500,583
6701720294,583
57203978933,584
6701720294,584
7403218372,584
57211516485,584
57197773578,585
57204761536,585
7004300863,585
8421746800,585
56353116200,586
7004300863,586
57197765353,586
6603717022,586
57204728159,587
7403218372,587
7006441571,587
57204719691,588
57204719621,588
7403218372,588
57189235340,589
57197733505,589
57197728435,589
7003292762,589
56584019300,590
57201366662,590
57201358872,590
56714263700,590
8608718200,590
57190858572,591
35508257500,591
6701646284,592
16313800700,592
57205292526,592
57205285400,592
57204435650,592
56532087700,592
57204415715,592
35175200200,593
7005513246,593
56196521900,594
55649569259,594
35597296700,594
7003663333,595
55665473200,595
57193610705,595
57201357657,596
6602649851,596
23027991800,596
15833172400,597
8621794000,597
57201397713,597
57201357657,598
6602649851,598
36618663400,598
15848771600,599
57190247942,599
57197791798,599
6701720294,599
57211516485,599
15848771600,600
57190247942,600
57197791798,600
6701720294,600
57211516485,600
57194636792,601
55916540700,601
57196484337,601
7403218372,601
6701720294,601
57211516485,601
57207228951,602
7004435321,602
57193727615,603
7004435321,603
56149906900,604
56662711400,604
56740595400,604
7402549729,605
57202088821,605
56300864300,606
57190492863,606
6602649851,606
18042274300,606
7403368068,607
57202916476,607
7201389702,607
16245460000,607
57202920062,607
57202911672,607
6602761720,607
56709364700,608
56387524600,608
57201484423,608
57194155925,608
57195398251,608
16422844400,608
7102975249,608
56709287700,609
57202735625,609
56709364700,609
55698505100,609
16422844400,609
7102975249,609
57202607598,610
7003663333,610
57196353469,611
38061138100,611
7003663333,611
57202585105,612
24081598300,612
7003663333,612
57202572948,612
7003663333,613
57193610705,613
55898266700,613
55315026400,614
57202580740,614
8724084200,615
7403085570,615
14621428300,615
8667231600,615
24382111400,615
18535712500,616
57201634652,616
57203221999,616
46062451500,616
57191952713,617
8621794000,617
36682113800,617
56300864300,618
6602649851,618
18042274300,618
7003498769,619
7202083837,619
36987999600,620
7003868048,620
7202083837,620
56036628100,621
16033650300,621
36953700600,621
12761902000,621
57188755995,622
56897186700,622
7005044056,622
8660143800,622
56560099200,623
57202738247,623
9277159100,623
15766049500,624
10141271600,624
6506328689,624
55359090100,624
7202538835,624
15044701600,624
56857577200,625
55359090100,625
10141271600,625
6506328689,625
15044701600,625
55502104200,625
6506328689,626
57203330644,626
10141271600,626
55848648600,626
55359090100,626
55502104200,626
15044701600,626
56256103500,627
10141271600,627
6506328689,627
15766049500,627
55359090100,627
7202538835,627
15044701600,627
55252859600,628
8621794000,628
23012466600,629
35508257500,629
35578707100,629
9277159100,630
8533888200,630
57207365951,630
6603042352,630
6506484066,630
56263632000,631
7004904337,631
56263145300,631
7103222266,631
15069700700,632
7005531426,632
57203180502,632
15843313300,632
57203186135,632
57203188461,632
57203192544,632
55182745600,633
7003663333,633
57195292516,633
19934211900,633
6603866674,633
57202577089,634
6505761847,634
36125615300,634
7003663333,634
57188833818,635
16229559200,635
10639679200,636
36625254200,636
34874297000,636
57201333744,636
55912340300,636
35479684000,636
16178649400,636
56740595400,637
56149906900,637
56328064900,637
56662711400,637
57191616632,638
18535712500,638
57200884469,638
7202713087,638
57191616632,639
57200884469,639
18535712500,639
7202713087,639
7003381644,640
57202152391,640
7003609448,640
57197521815,640
57201658993,640
7004347500,640
7007155092,640
55286783200,640
57120014600,640
6602913811,640
55452524500,640
57212833949,640
57206024435,640
6507270351,640
6602305778,640
56218368600,641
55837442300,641
10141271600,641
6506328689,641
7202751866,641
6506010179,641
35873737200,641
26427694400,642
37113017300,642
57190256209,642
16313800700,642
55919211300,642
57202785989,643
56020026900,643
34874297000,643
10639679200,643
16178649400,643
57202743127,644
36162907100,644
57202741808,644
57007514800,644
8410729500,644
16043812000,644
54782837300,645
8048702500,645
7004435321,645
57207228809,645
7005521036,645
36149254500,646
57191155872,646
56681156600,646
6603570606,646
57203028829,646
35088650000,646
7402786794,646
56244640900,647
55161739600,647
57204902241,647
57204903122,647
55543519800,647
56237456900,647
57200649104,647
57208645178,647
56890778700,648
57207365951,648
56094587000,648
9277159100,648
56890178400,648
55806548500,648
56890669600,648
8533888200,648
36082483100,649
57217723923,650
50262207100,650
55812232700,650
6602335448,650
7006253705,650
56797372300,651
57190380741,651
7102402058,651
7103248108,651
42261332500,651
56397285100,651
56542307500,651
34168247900,652
57194787481,652
57203298908,652
56380927900,652
7006542177,652
7003381644,652
35562442700,652
36082483100,653
57189026693,653
36082483100,654
57189026693,654
7003663333,655
57202626673,655
57202627167,655
57202627912,655
57202627263,655
57202627050,655
16021781200,655
36082483100,656
7004403207,656
56631537800,657
56528475200,657
56182798800,657
7201529681,657
55801905300,657
55801836400,657
57201111301,657
57201111988,657
14620010300,657
8674222900,657
12799657800,657
57003792300,658
57194205673,658
24492691800,658
57201290781,658
7406665619,658
55601054600,658
8208317300,658
36082483100,659
57207980336,659
57207994872,659
6602512004,660
35320703200,660
7402095346,660
7006106739,660
7201778289,660
7201978585,660
54684688700,660
57023282300,660
55598549000,660
57210198577,660
7402288130,660
25958165500,660
8362122100,660
6701580763,660
7203069877,660
7003915889,660
55776361200,661
37664688000,661
57205556489,661
8691490200,661
55628341300,661
57201125120,661
47461179000,661
25930868900,661
57194639611,661
8717447000,661
57194638369,661
55832864500,661
6701774874,661
55910450300,661
57207550410,661
6603383055,661
9741422500,661
35236206700,661
7005089148,661
57202326782,661
55979578600,661
7401764127,661
7404062227,661
7103269626,661
7103321645,661
7005251917,661
9745660700,661
6507586174,661
7103065698,661
57203234366,661
7202910012,661
9236660300,661
57195976340,661
54899597300,661
57201121062,661
6701851503,661
7102905437,661
36044041500,661
57202194800,661
8517650500,661
6701387944,661
7403220237,661
57201212051,662
23060352300,662
57190402922,663
36176552000,663
7006542177,663
55258864700,664
7005371369,664
7006085792,664
6603410853,664
55665625900,664
24335536400,665
56248593800,665
48361087900,666
57196261400,666
7003381644,666
40561545600,667
7006001488,667
24333330300,667
7006441571,667
12142543700,667
6701752452,668
57200248178,668
56148594700,669
8705255200,669
6602577617,669
57207901363,669
7402967162,670
57196000820,670
57195995765,670
55649569259,670
35597296700,670
6507412888,671
57204229694,671
7004450337,671
56244956300,672
26640997500,672
55315026400,672
6604032598,672
25522430900,672
7402004420,673
6602231941,673
57197730899,673
7101816438,673
56810920600,673
55764744500,674
6701746882,674
6603077820,674
48361087900,675
7003381644,675
57217339723,676
55813139600,676
57140193000,677
57197733358,677
57003496300,677
35209941000,677
57190384916,678
7005253700,678
7004060735,678
9942259800,678
36011148100,679
56155127800,679
6506311950,679
55212512700,679
57203028829,679
7402786794,679
55588035200,680
6601908155,680
7003445799,680
57196086981,681
55981276700,681
57190261034,681
57196097542,681
57196096093,681
57196088013,681
57196086109,681
57190252027,681
55456759700,681
56248593800,682
55130094700,683
56315330500,683
57202280527,683
57202283319,683
16178649400,683
57198318094,684
35195145200,684
57196275913,684
57196277369,684
57211422454,684
57192941583,685
55171433700,685
23569552400,685
6603945025,685
55171433700,686
55249877500,686
57200860487,686
57190228554,687
7102879142,687
9277159100,687
57191256797,688
55727966500,688
8244752200,688
6602572190,688
56703308500,689
13605498800,689
56353116200,690
7004300863,690
56716068400,690
57203230997,690
57191031931,691
37098602100,691
56957771800,691
56424241200,691
6701695863,691
7006631262,691
56404157200,691
7003292762,691
7005836251,692
57195596864,693
57195596391,693
57195598039,693
57195595627,693
57195600276,693
57031187500,694
57195427378,694
7006111578,694
7005636820,694
57190797086,695
57193015007,695
40561545600,695
57193015157,695
57193016069,695
57190794386,695
24333330300,695
12142543700,695
7006001488,695
7006441571,695
55859152500,696
34874038200,696
56433927200,696
34873482400,696
57191822951,697
57188654880,697
56830076500,697
24081319400,698
57202064143,699
57193435113,699
57193430035,699
7102985794,699
57192662939,699
57193433048,699
57192660307,699
57193429691,699
57193431261,699
7402658393,699
57194636792,700
55916540700,700
7403218372,700
6701720294,700
57211516485,700
56300864300,701
56830076500,701
57193356353,701
57192964074,701
57193360481,701
57193362917,701
6602649851,701
18042274300,701
55780846900,702
57193911152,702
55674595800,702
56390719200,702
7102503611,702
57190974399,702
6508339625,702
57213262958,702
6506674242,702
54410814200,703
56716946800,703
8231832400,703
6506645565,703
14035040300,703
10040303000,703
55949256500,704
56875349800,704
36106810300,704
56875089300,704
57198431633,704
57198450286,704
57198443855,704
57198451372,704
54911216200,704
57195332895,704
14822519000,704
7101816438,705
6602231941,705
55212512700,706
56681156600,706
56315352000,706
56680505500,706
57203028829,706
56492379200,707
57195398251,707
56709476900,707
56387524600,707
16422844400,707
7102975249,707
14033673100,708
57197795830,708
57192307368,708
57197800472,708
57197797367,708
57217482839,708
55949256500,709
36106810300,709
56453304300,709
57194875876,709
7005666650,709
14822519000,709
57191108291,710
57207901363,710
6507391043,710
35186389400,711
7406552522,711
7006715937,711
57192595504,711
7101643443,711
55511230900,711
7003381644,711
7202083837,712
24465414600,712
26644144000,712
55547115089,712
7202083837,713
55547115089,713
24465414600,713
26644144000,713
55710750200,713
57193564939,714
54399816500,714
55726346900,714
55585953300,714
24295291100,714
8935514400,714
56762988100,714
7401969039,714
7006214218,715
57194392244,715
9845705900,715
7004929818,715
57194379165,715
57207901363,715
6603325558,715
56300864300,716
56830076500,716
35269204800,716
6603040755,716
57192964074,716
57192955909,716
57192959498,716
57192961253,716
57197710678,717
35562442700,717
57188688103,718
57188691775,718
36349287300,718
57195420301,719
7401970125,719
36349287300,719
57195420301,720
7401970125,720
36349287300,720
57195596864,721
57195596391,721
57195598039,721
57195595627,721
57195600276,721
56957771800,722
57204469757,722
7103395611,722
24831334500,722
25639041400,722
7003292762,722
7103395611,723
18038642000,723
57208709468,723
57208710317,723
57208709846,723
57170532300,723
57208702517,723
57208707588,723
57208707585,723
6508147112,723
57208706948,723
57204469757,723
7003292762,723
57021948900,724
56830076500,724
56371366400,725
55078951500,725
57202818911,725
57215280005,725
6602958570,725
7102523474,725
57214010282,726
57189351639,726
57194697486,726
57194698845,726
7007046711,726
6701610428,726
7410190129,726
57194141209,727
55171433700,727
23569552400,727
57202818911,728
56371366400,728
55376424100,728
55078951500,728
6602958570,728
7006440923,728
14057706900,728
7102523474,728
56371366400,729
57202818911,729
55376424100,729
55078951500,729
6602958570,729
7006440923,729
14057706900,729
7102523474,729
57195317234,730
16178649400,730
7102534973,731
26427435500,731
36602439100,731
6701755273,732
55171433700,733
23569552400,733
57195962821,734
6507659000,734
35262249500,735
57193603847,735
57195962037,735
57195964820,735
57195961036,735
57195964763,735
57195961251,735
35262249500,736
57193603847,736
7006372151,737
57203028829,737
23569552400,738
55672496100,738
35413539100,738
13607032600,739
6507028828,739
57190806425,739
36536647200,739
26427435500,739
57198919773,740
54787829800,740
7003663333,740
56681156600,741
55511230900,741
56680505500,741
56315352000,741
55212512700,741
57191156976,741
7003381644,741
57203028829,741
56672834700,742
56830076500,742
6603625990,742
57193008289,743
7005836251,743
35209941000,743
7004300863,744
55858031100,744
57192816311,744
55550262000,745
36167063600,745
55550264900,745
7006420570,745
57192156100,746
9942259800,746
36675881600,746
55911870000,746
35366248300,746
18535712500,747
57200884469,747
57193845336,747
57203221999,747
57193533805,747
23983490300,747
55855376400,748
56830076500,748
57203486012,749
55359526600,749
26323686000,749
12142543700,749
8705255200,749
7006583274,749
56492379200,750
57194162490,750
56709287700,750
57194158491,750
57194155925,750
16422844400,750
7102975249,750
35182844400,751
57217654846,751
57192893058,751
56492379200,751
56709364700,751
55544941800,751
7202812767,751
6603907334,751
7402407628,751
7102975249,751
16422844400,751
7103123753,751
55945072200,752
55944583700,752
7102857304,752
56755464700,753
35099253600,753
7005523706,753
57031532600,753
8448666000,754
6701777223,754
57218886193,754
23003484200,755
18535712500,755
26321508500,755
7003587356,755
56364369100,756
57202367046,756
57193409777,756
57193401477,756
56896749800,756
55877167500,756
56247393100,756
7404963860,756
37105487900,756
7403361614,756
52663627000,756
14321763900,756
57191587072,757
24295291100,757
12142543700,757
7003587356,757
57195340095,757
7004495126,757
12778890800,757
57194047397,758
57193099661,758
57208823236,758
57194047820,758
57213462935,758
35587077000,758
57212277009,758
57194047397,759
55938156500,759
57193099661,759
57194061052,759
57208823236,759
57213462935,759
57194047820,759
56080900100,759
57196655805,759
35587077000,759
57212277009,759
15831070600,760
35615891900,760
56331127200,760
12646129300,761
55812232700,761
36933855300,761
7006253705,761
55812858700,761
57203178543,761
57192307368,762
14033673100,762
15848771600,763
56677251600,763
6701720294,763
57211516485,763
7403131979,764
7103186661,764
7202711709,764
39862017300,764
56330168500,765
57194015684,765
9942259800,765
57194006378,765
35316779800,765
6508342170,765
35175200200,766
7005513246,766
57189227384,767
19639917400,767
57189219942,767
7005513246,767
57193266780,768
35508257500,768
9277159100,769
56941526100,769
56710953300,770
26642910500,770
7005883030,770
36459611200,771
7402074463,771
55194109800,772
7004834766,772
8660143800,772
57192106462,773
57193564939,773
54399816500,773
56012868500,773
55726346900,773
24295291100,773
8935514400,773
57190189579,774
56755464700,774
57031532600,774
7005523706,774
8372868700,774
55946345200,774
55574195279,775
56608873500,775
56608333500,775
7004980415,775
8048702500,776
7004435321,776
6506269903,776
23134948300,776
7004615647,776
14822519000,777
36106810300,777
23973526000,777
56369566500,777
57193265581,777
24921842300,778
55034648400,778
8448666000,778
25222495900,778
6601987763,778
7004441442,778
57118455800,779
7401431037,779
48361087900,780
7003381644,780
57190000029,781
55953141600,781
51461758000,782
56825569600,782
35562442700,782
57145797800,783
7005903021,783
36944158600,783
56556056000,784
26642910500,784
12808778700,784
36240601900,785
57189030360,785
16027856900,785
7003381644,785
24177939700,786
35213554500,786
23012861700,786
55444802600,786
7004450337,786
56709476900,787
56709364700,787
55326050200,787
56492379200,787
57002749600,787
7102975249,787
16422844400,787
57212184217,788
56709364700,788
7102975249,788
16422844400,788
57189292901,789
7006542177,789
36137344800,790
7102857304,790
55486520500,791
6602649851,791
56950317400,792
15521557600,792
57203836305,793
55813139600,793
57209397116,794
57193574682,794
55588035200,794
57212103171,794
57212209717,794
57203240784,794
57191997521,794
57203247682,794
6601908155,794
7003445799,794
56824897200,795
35562442700,795
57200659857,796
57187178400,797
55161739600,798
57200641848,798
57117361200,799
55161739600,799
57192010162,800
55161739600,800
57214281810,801
35508257500,801
55944583700,802
55945072200,802
56896919700,802
55945088000,802
7102857304,802
57202648414,803
57192643299,803
57200206301,803
7102857304,803
57188753800,804
57202642302,804
7102857304,804
57188755995,805
7102857304,805
8660143800,805
55235047300,806
57191474405,806
57191477766,806
57205589719,806
8725937600,806
7005654753,806
56701050600,806
56514586700,806
57202088821,807
7402549729,807
7202083837,808
57126129700,808
57125618000,808
56680952700,809
57192643299,810
57195419580,810
57200206301,810
7102857304,810
57200206301,811
57192643299,811
57195419580,811
57200206650,811
57200203866,811
7102857304,811
57200201882,812
7202518970,812
57195419580,813
57200201106,813
57200819002,813
57192643299,813
57200206301,813
7102857304,813
57200205435,814
7202518970,814
57200201511,815
7202518970,815
57197791798,816
6701720294,816
57211516485,816
57189243866,817
56330970800,817
6701720294,817
56790117900,818
57190247942,818
57211516485,818
57197773578,819
7004300863,819
57192943554,820
57197765649,820
7004300863,820
8421746800,820
57195290099,821
7202518970,821
57193749678,822
6701863708,822
55457444300,822
55764401200,823
55457444300,823
6701863708,823
8608718200,823
57191918589,824
57191921086,824
57191923986,824
7003292762,824
57189235340,825
7003292762,825
56463982900,826
55457444300,826
6701863708,826
7006120837,827
7004848095,827
57196471974,827
57196475822,827
57196468765,827
57192318731,827
35562442700,828
55660173800,829
57193903292,829
6701876192,829
57193902758,829
57193895552,829
57193900229,829
7003381644,829
57208928114,830
55727966500,830
8244752200,830
55354928800,831
24402340500,831
7410171017,832
57195720669,832
57195718233,833
34868658300,833
7410171017,833
57190859038,834
6602649851,834
23027991800,834
57189375802,835
57203222139,835
56156055700,835
9277159100,835
57200576069,836
10540655600,836
36924577900,836
55541477400,836
7103248108,836
57191952713,837
57188658434,837
8621794000,837
56245452300,837
36682113800,837
35310092900,837
57194787481,838
7006542177,838
35562442700,838
34168247900,838
55315026400,839
55665473200,839
56559677100,839
57194576753,839
57194162490,840
56492379200,840
56709287700,840
57194155925,840
57194158491,840
16422844400,840
7102975249,840
55326050200,841
56709364700,841
55326143600,841
55247719300,841
7102975249,841
16422844400,841
57212184217,842
57213582934,842
56709364700,842
7102975249,842
16422844400,842
7201793184,843
7406665619,843
24824356000,843
56559765400,844
7003663333,844
23009691800,844
57191416025,845
57192545746,845
57192573362,845
51461952600,845
9277159100,845
6701925700,846
56299790500,846
7003959730,846
57201704300,847
57171695300,847
7101671848,847
7202083837,848
56680952700,848
7003498769,848
36987999600,849
7003868048,849
7202083837,849
57188755995,850
57200204063,850
7005044056,850
8660143800,850
56559548600,851
7102857304,851
57200200833,852
57200207993,852
7202035366,852
7102857304,852
56748981000,853
6701720294,853
57211516485,853
8922674200,854
56577146500,854
57188764210,854
6701720294,854
57211516485,854
15848771600,855
56677251600,855
6701720294,855
57211516485,855
57190247942,856
15848771600,856
6701720294,856
57211516485,856
15848771600,857
57211516485,857
55632390400,858
35489877400,858
57203030537,858
57193322440,859
56800225200,859
23388379100,859
8608718200,859
57023931200,860
6602776615,860
24830555500,860
56941526100,860
9277159100,860
55326050200,861
57217654846,861
37052385600,861
7102975249,861
16422844400,861
56256103500,862
10141271600,862
6506328689,862
55848648600,862
55359090100,862
13410345300,862
55502104200,862
15044701600,862
6506328689,863
57194859276,863
10141271600,863
56218368600,863
55837442300,863
7202751866,863
35873737200,863
55693760600,864
10141271600,864
6506328689,864
55359090100,864
15044701600,864
10141271600,865
56218368600,865
55837442300,865
6506328689,865
57194853790,865
35873737200,865
7202751866,865
6506010179,865
55359090100,866
56857577200,866
10141271600,866
6506328689,866
15044701600,866
35578275000,866
26658095100,867
56362659400,867
57193867023,867
6506736843,867
8660143800,867
56913378600,868
56086163900,868
57191407630,868
7006441571,868
7403218372,868
57201909948,869
35344727500,869
35408719100,869
55807632000,869
7005513246,869
7003663333,870
57194116428,870
55932655400,870
6701753933,871
55722439300,871
9942259800,871
56559548600,872
7102857304,872
6507743831,873
57200884469,873
18535712500,873
8624941100,873
57191616632,874
57200884469,874
18535712500,874
7202713087,874
57197765353,875
7004300863,875
35994294500,875
24758929200,875
57202394793,876
56587519900,876
12797217700,877
6602247507,877
7403218372,877
25628175700,877
6602191934,878
57193878725,878
7004507225,878
7201511283,878
26427694400,879
37113017300,879
57190256209,879
16313800700,879
55919211300,879
55315026400,880
57209165874,880
7202842875,880
57193807582,880
57194008450,880
9277159100,880
57193811936,880
26538762200,881
7003702751,881
16178649400,881
9636293200,881
57192710054,882
6701720294,882
57211516485,882
57202040530,882
23006267900,882
7004002400,883
7202361029,883
7007170899,883
7005725911,883
55812232700,884
56024800300,884
7006253705,884
57203269936,884
57191587072,885
57191570988,885
24295291100,885
12142543700,885
7003587356,885
57195340095,885
7004495126,885
12778890800,885
18535712500,886
7402648240,886
35380198000,886
57200884469,886
57200723881,886
7202083837,887
57126129700,887
57125618000,887
57192908187,887
7003868048,887
36987999600,887
6603263001,887
26325009000,887
7003498769,887
55710750200,887
57200884469,888
18535712500,888
57203221999,888
57193533805,888
23983490300,888
57200730646,888
56316070300,889
37057761700,889
35792700800,889
16053936800,889
16178649400,889
56830082600,889
7201389702,890
7401698226,890
8702836000,890
7005306331,890
7102554886,890
35854537900,890
